{"cameraMode":{"drawMode":0,"name":"Shaded","section":"Shading Mode"},"sceneLighting":true,"audioPlay":false,"sceneViewState":{"m_AlwaysRefresh":false,"showFog":true,"showSkybox":true,"showFlares":true,"showImageEffects":true,"showParticleSystems":true,"showVisualEffectGraphs":true,"m_FxEnabled":true},"in2DMode":false,"pivot":{"x":16.592050552368165,"y":22.83509635925293,"z":17.438026428222658},"rotation":{"x":-0.14984020590782166,"y":0.8447458744049072,"z":-0.41151270270347597,"w":-0.30758967995643618},"size":13.369935989379883,"orthographic":false}